{
    "1": 5757.996453444994,
    "2": 5968.090958100502,
    "3": 4624.967320250612,
    "4": 20690.48980614445,
    "5": 9494.305136376814,
    "6": 2638.239812528143,
    "7": 12553.670094744066,
    "8": 9740.070090727859,
    "9": 9326.588726066133,
    "10": 6847.71027155825,
    "11": 14913.741493024041,
    "12": 4095.506902139768,
    "13": 12103.803115440543,
    "14": 17929.010718131358,
    "15": 8161.765430469755,
    "16": 11364.332900236148,
    "17": 3776.904179187605,
    "18": 4843.1698656639865,
    "19": 16689.45938409274,
    "20": 4933.841473736149,
    "21": 17542.16309699184,
    "22": 10295.86499330615,
    "23": 6440.773619043748,
    "24": 2300.281600191165,
    "25": 4394.72933828799,
    "26": 1181.7196689444368,
    "27": 8251.612815734898,
    "28": 11466.06213253538,
    "29": 14346.204852500392,
    "30": 9024.603052446308,
    "31": 23251.793116198696,
    "32": 12447.692920886157,
    "33": 8982.96321682816,
    "34": 20112.547341906637,
    "35": 6016.109659225055,
    "36": 6537.595418583975,
    "37": 9721.633765972421,
    "38": 7370.700779640338,
    "39": 2947.3463390572533,
    "40": 1858.0969237349143,
    "41": 17620.677851674678,
    "42": 5604.174932283065,
    "43": 11433.33133157908,
    "44": 4793.304281120983,
    "45": 2559.7465979709573,
    "46": 19178.140497898312,
    "47": 7484.150340734252,
    "48": 1127.8613757603152,
    "49": 11354.848035476556,
    "50": 10628.733043000555,
    "51": 19370.520101218208,
    "52": 2686.954111603925,
    "53": 8399.878140514347,
    "54": 24304.9116628966,
    "55": 19152.077116499044,
    "56": 950.3405293461672,
    "57": 22403.369452395076,
    "58": 12842.495980548041,
    "59": 8884.30544686347,
    "60": 14230.96336283302,
    "61": 7060.828367898693,
    "62": 14570.547803463072,
    "63": 1812.790670095554,
    "64": 10126.469402645593,
    "66": 16550.285930332822,
    "67": 11688.03241624099,
    "68": 7647.29348467483,
    "69": 7641.289453508665,
    "70": 7330.354476221103,
    "71": 9039.419585887952,
    "72": 4042.6085441363907,
    "73": 3576.795820825673,
    "74": 41209.43687253705,
    "75": 610.072199789842,
    "76": 5429.649388998088,
    "77": 7576.1649502374075,
    "78": 15474.174084335353,
    "79": 10533.514975761263,
    "80": 4768.506015502019,
    "81": 1503.983200618973
}