{
    "1": 5757.996453441964,
    "2": 5968.090958097174,
    "3": 4624.967320251658,
    "4": 20690.489806144313,
    "5": 9494.305136373163,
    "6": 12553.670094736426,
    "7": 9740.070090730002,
    "8": 9326.58872606641,
    "9": 6847.71027155417,
    "10": 14913.741493031017,
    "11": 17929.010718133686,
    "12": 8161.765430463799,
    "13": 11364.332900249872,
    "14": 16689.45938410182,
    "15": 17542.163097000885,
    "16": 10295.864993304576,
    "17": 6440.773619051092,
    "18": 8251.612815742696,
    "19": 11466.06213253951,
    "20": 9024.603052435543,
    "21": 12447.69292089719,
    "22": 8982.963216819106,
    "23": 20112.547341917758,
    "24": 6537.595418586002,
    "25": 9721.63376596656,
    "26": 7370.700779637193,
    "27": 1858.0969237338495,
    "28": 17620.67785167758,
    "29": 5604.1749322865135,
    "30": 11433.331331585308,
    "31": 4793.304281119551,
    "32": 7484.1503407270375,
    "33": 1127.8613757615296,
    "34": 11354.84803547618,
    "35": 19370.520101220845,
    "36": 8399.878140519148,
    "37": 24304.91166289654,
    "38": 19152.0771165103,
    "39": 22403.369452395506,
    "40": 12842.495980542575,
    "41": 14230.96336281895,
    "42": 7060.828367903617,
    "43": 14570.547803463345,
    "44": 10126.469402630479,
    "45": 16550.285930324095,
    "46": 11688.032416240581,
    "47": 7647.293484675269,
    "48": 7641.289453506955,
    "49": 7330.354476219689,
    "50": 9039.41958588994,
    "51": 5429.649388998308,
    "52": 7576.164950231485,
    "53": 15474.174084327185,
    "54": 10533.514975761731,
    "55": 1184.6609788380886,
    "56": 7741.8024803743565,
    "57": 15850.188053120075,
    "58": 4129.066008002913,
    "59": 7619.404364951742,
    "60": 41472.87273842032,
    "61": 24801.147920408992,
    "62": 8864.0129176441,
    "63": 19573.94377840374,
    "64": 16102.729173237134,
    "65": 12661.209626035574,
    "66": 18200.814329268254,
    "67": 11040.211104585398
}