{
    "1": 3285.2327050377235,
    "2": 1046.066029434735,
    "3": 995.4372334255861,
    "4": 2532.6111409910486,
    "5": 3510.8039326969806,
    "6": 3601.5096389177374,
    "7": 1000.1343786999427,
    "8": 1602.6692680433202,
    "9": 2863.9695595372937,
    "10": 2775.546156491207,
    "11": 176.95646533349782,
    "12": 3752.586488149928,
    "13": 2130.1093020982767,
    "14": 1687.8807969440072,
    "15": 3024.4227126370583,
    "16": 8905.55060794346,
    "17": 3705.1362704882886,
    "18": 1363.0977387896153,
    "19": 3646.668561161146,
    "20": 2206.314843199841,
    "21": 3284.622966403126,
    "22": 7469.65944897069,
    "23": 3898.4706580704797,
    "24": 11553.279651610394,
    "25": 292.3809254292582,
    "26": 2275.6268596821706,
    "27": 7030.178165403184,
    "29": 868.5351558360646,
    "31": 2565.8079760551823,
    "32": 3128.3537865897756,
    "33": 5920.7591268630085,
    "34": 2106.4781509486497,
    "35": 264.80073705444994,
    "36": 394.14432692041544,
    "37": 3940.6181680745185,
    "38": 1087.6169249938544,
    "39": 3561.8073139680428,
    "40": 1803.4753146382843,
    "41": 5129.794403338935,
    "42": 238.36821761827974,
    "43": 9217.858856858227,
    "44": 1265.0601428132634,
    "45": 1076.5569523307627,
    "46": 1062.9634987625532,
    "47": 1828.3612062373393,
    "48": 1366.7108787365805,
    "49": 839.2146019314349,
    "50": 1960.5783169532624,
    "51": 3387.5213786557615,
    "52": 1875.2234597777249,
    "53": 2731.017360152338,
    "54": 11024.16440400007,
    "55": 1161.175139056077,
    "56": 4601.253980206715,
    "57": 2694.906910490505,
    "58": 7128.506320398261,
    "59": 1613.465124955719,
    "60": 976.4867980382804,
    "61": 2674.6184920722935,
    "62": 3518.4507232655114,
    "63": 5743.572675497654,
    "64": 4416.00455287595,
    "65": 3340.418405549175,
    "66": 715.8514910249042,
    "67": 711.6941539460399,
    "68": 3961.657038494509,
    "69": 1910.8993478779323,
    "70": 3045.1088851170816,
    "71": 2561.4313644345666,
    "72": 8244.5893667539,
    "73": 2833.1531480182693,
    "74": 2327.3421523409165,
    "75": 3820.8679021930434,
    "76": 10445.347020590742,
    "77": 1464.4110864385361,
    "78": 5195.42894851478,
    "79": 1127.8613757603152,
    "80": 2106.3790051338347,
    "81": 603.1289220063092,
    "82": 2503.2676764476087,
    "83": 1595.1409089801095,
    "84": 5396.129811714946,
    "85": 1674.3981846584811,
    "86": 1496.666842500957,
    "87": 3958.8011223470303,
    "88": 24964.125947954937,
    "89": 1395.5263625303207,
    "90": 1677.1382391494421,
    "91": 6723.975398787123,
    "92": 6871.467217014063,
    "93": 3622.0935943334116,
    "94": 4319.381437911784,
    "95": 2890.8721743258743,
    "96": 829.0844566804715,
    "97": 1652.294428854228,
    "98": 2659.341716907436,
    "99": 2532.337932048673,
    "101": 1781.1728679793098,
    "102": 6113.721050919692,
    "103": 2816.107581270423,
    "104": 471.74399516243886,
    "105": 3034.1937946102435,
    "106": 4667.850983017993,
    "107": 2666.307131040984,
    "108": 2114.8237002410096,
    "109": 4436.993975176922,
    "110": 6693.051529015587,
    "111": 16375.883113715068,
    "112": 1637.5709317180567,
    "113": 3069.846886052648,
    "114": 3545.2876704557107,
    "115": 123.19222526883647,
    "116": 3979.5892167961097,
    "117": 1065.9683637685828,
    "118": 2848.0841748722414,
    "119": 3735.9093931901734,
    "120": 1030.4162160483934,
    "121": 6044.887702135989,
    "122": 5747.038131490732,
    "123": 1906.511162143968,
    "124": 3068.8415196609712,
    "125": 8864.25503380476,
    "126": 2270.0179796581933,
    "127": 9960.3155932658,
    "128": 4898.765689161374,
    "129": 119.98027243851102,
    "130": 3517.0215520326774,
    "131": 6726.05278931709,
    "132": 2417.8313107694585,
    "133": 1904.8993011975995,
    "134": 1981.179050035316,
    "135": 494.4114317547492,
    "136": 1922.4355509754569,
    "137": 6790.515438975075,
    "138": 1521.3492221877777,
    "139": 7937.442510690786,
    "140": 5882.786329186058,
    "141": 3581.176197747775,
    "142": 954.062221827553,
    "143": 3859.1082480431787,
    "144": 1348.2368397502,
    "145": 1719.2832571443755,
    "146": 5073.626474783343,
    "147": 7078.784831745646,
    "148": 3843.3136426343162,
    "149": 785.108141629517,
    "150": 3859.720552620531,
    "151": 1933.473606248038,
    "152": 3409.9368239330156,
    "153": 3196.087335150655,
    "154": 4819.922324540579,
    "155": 244.34126592922826,
    "156": 1758.4160329780545,
    "157": 1780.6378849688504,
    "158": 2803.2746184125626,
    "159": 784.6445218501033,
    "160": 2482.718046271706,
    "161": 3033.612266323383,
    "162": 2068.433361598645,
    "163": 5700.466957112193,
    "164": 2126.6701204670117,
    "165": 3214.2206322333714,
    "166": 2465.6310107526724,
    "167": 1249.6130274432257,
    "168": 3274.5094142642292,
    "169": 2205.9352593846356,
    "170": 2386.1888260137075,
    "171": 2163.7599245492247,
    "172": 2040.925916957156,
    "173": 1801.7950538446373,
    "174": 11161.01413362932,
    "175": 6763.030267925249,
    "176": 2876.872980826738,
    "177": 2012.182891983354,
    "178": 466.79064186699594,
    "179": 334.3003975389341,
    "180": 2901.957503176791,
    "181": 5044.7844701958675,
    "182": 3778.520401690592,
    "184": 291.2852283179241,
    "185": 610.072199789842,
    "186": 4107.811185128316,
    "187": 218.97349829942004,
    "188": 2041.8527858398738,
    "189": 1270.014541170321,
    "190": 2826.3192936625205,
    "191": 2744.876643544533,
    "192": 3566.268514139694,
    "193": 4046.5788400226384,
    "194": 1229.646012629683,
    "195": 3466.9127310428394,
    "196": 3720.162477760716,
    "197": 2505.680076784658,
    "198": 2889.897251021868,
    "199": 754.9572967379372,
    "200": 2128.662088831216,
    "201": 1620.9026003464312,
    "202": 1223.7900684470408,
    "203": 1731.4802336238063,
    "204": 1296.6068693947682,
    "205": 7429.6946292290595,
    "206": 611.1691581557716,
    "207": 8450.186901339135,
    "208": 2698.077092010212,
    "209": 3158.868452676013,
    "210": 2186.3489627781723,
    "211": 280.2374083851637,
    "212": 3867.5378702469416,
    "213": 79.92623916056843,
    "214": 2873.0227567715665,
    "215": 1677.4447608236403,
    "216": 4962.67739973514,
    "217": 4627.609323133097,
    "218": 1385.862920418014,
    "219": 1805.7590106064085,
    "220": 251.2138912980125,
    "221": 2980.0137669718883,
    "222": 6520.384715063645,
    "223": 11044.31537095697,
    "224": 2658.6156239961797,
    "225": 15581.461199878175,
    "226": 1135.5045490653115,
    "227": 2240.0427449005656,
    "228": 1545.6987130197897,
    "229": 3604.464140625757,
    "230": 3049.6353098792524,
    "231": 5223.032261205621,
    "232": 2174.727112421493,
    "233": 1318.1938801601,
    "234": 18171.460552560693,
    "235": 7226.970920890898,
    "236": 4116.433853631899,
    "237": 377.71104238918895
}